elementCount,run,className,dataType,archetype,supportsStagedMutability,footprintInBytes,footprintInObjects,footprintInReferences
1,0,VF_PDB_PERSISTENT_CURRENT,SET,PERSISTENT,false,80,3,4
1,0,VF_PDB_PERSISTENT_CURRENT,MAP,PERSISTENT,false,80,3,5
1,0,VF_PDB_PERSISTENT_MEMOIZED_LAZY,SET,PERSISTENT,false,104,4,5
1,0,VF_PDB_PERSISTENT_MEMOIZED_LAZY,MAP,PERSISTENT,false,104,4,6
1,0,VF_CLOJURE,SET,PERSISTENT,true,120,4,9
1,0,VF_CLOJURE,MAP,PERSISTENT,true,88,3,7
1,0,VF_SCALA,SET,PERSISTENT,false,24,1,1
1,0,VF_SCALA,MAP,PERSISTENT,false,56,2,5
1,1,VF_PDB_PERSISTENT_CURRENT,SET,PERSISTENT,false,80,3,4
1,1,VF_PDB_PERSISTENT_CURRENT,MAP,PERSISTENT,false,80,3,5
1,1,VF_PDB_PERSISTENT_MEMOIZED_LAZY,SET,PERSISTENT,false,104,4,5
1,1,VF_PDB_PERSISTENT_MEMOIZED_LAZY,MAP,PERSISTENT,false,104,4,6
1,1,VF_CLOJURE,SET,PERSISTENT,true,120,4,9
1,1,VF_CLOJURE,MAP,PERSISTENT,true,88,3,7
1,1,VF_SCALA,SET,PERSISTENT,false,24,1,1
1,1,VF_SCALA,MAP,PERSISTENT,false,56,2,5
1,2,VF_PDB_PERSISTENT_CURRENT,SET,PERSISTENT,false,80,3,4
1,2,VF_PDB_PERSISTENT_CURRENT,MAP,PERSISTENT,false,80,3,5
1,2,VF_PDB_PERSISTENT_MEMOIZED_LAZY,SET,PERSISTENT,false,104,4,5
1,2,VF_PDB_PERSISTENT_MEMOIZED_LAZY,MAP,PERSISTENT,false,104,4,6
1,2,VF_CLOJURE,SET,PERSISTENT,true,120,4,9
1,2,VF_CLOJURE,MAP,PERSISTENT,true,88,3,7
1,2,VF_SCALA,SET,PERSISTENT,false,24,1,1
1,2,VF_SCALA,MAP,PERSISTENT,false,56,2,5
1,3,VF_PDB_PERSISTENT_CURRENT,SET,PERSISTENT,false,80,3,4
1,3,VF_PDB_PERSISTENT_CURRENT,MAP,PERSISTENT,false,80,3,5
1,3,VF_PDB_PERSISTENT_MEMOIZED_LAZY,SET,PERSISTENT,false,104,4,5
1,3,VF_PDB_PERSISTENT_MEMOIZED_LAZY,MAP,PERSISTENT,false,104,4,6
1,3,VF_CLOJURE,SET,PERSISTENT,true,120,4,9
1,3,VF_CLOJURE,MAP,PERSISTENT,true,88,3,7
1,3,VF_SCALA,SET,PERSISTENT,false,24,1,1
1,3,VF_SCALA,MAP,PERSISTENT,false,56,2,5
1,4,VF_PDB_PERSISTENT_CURRENT,SET,PERSISTENT,false,80,3,4
1,4,VF_PDB_PERSISTENT_CURRENT,MAP,PERSISTENT,false,80,3,5
1,4,VF_PDB_PERSISTENT_MEMOIZED_LAZY,SET,PERSISTENT,false,104,4,5
1,4,VF_PDB_PERSISTENT_MEMOIZED_LAZY,MAP,PERSISTENT,false,104,4,6
1,4,VF_CLOJURE,SET,PERSISTENT,true,120,4,9
1,4,VF_CLOJURE,MAP,PERSISTENT,true,88,3,7
1,4,VF_SCALA,SET,PERSISTENT,false,24,1,1
1,4,VF_SCALA,MAP,PERSISTENT,false,56,2,5
2,0,VF_PDB_PERSISTENT_CURRENT,SET,PERSISTENT,false,80,3,5
2,0,VF_PDB_PERSISTENT_CURRENT,MAP,PERSISTENT,false,88,3,7
2,0,VF_PDB_PERSISTENT_MEMOIZED_LAZY,SET,PERSISTENT,false,104,4,6
2,0,VF_PDB_PERSISTENT_MEMOIZED_LAZY,MAP,PERSISTENT,false,112,4,8
2,0,VF_CLOJURE,SET,PERSISTENT,true,128,4,11
2,0,VF_CLOJURE,MAP,PERSISTENT,true,96,3,9
2,0,VF_SCALA,SET,PERSISTENT,false,96,4,5
2,0,VF_SCALA,MAP,PERSISTENT,false,160,6,13
2,1,VF_PDB_PERSISTENT_CURRENT,SET,PERSISTENT,false,80,3,5
2,1,VF_PDB_PERSISTENT_CURRENT,MAP,PERSISTENT,false,88,3,7
2,1,VF_PDB_PERSISTENT_MEMOIZED_LAZY,SET,PERSISTENT,false,104,4,6
2,1,VF_PDB_PERSISTENT_MEMOIZED_LAZY,MAP,PERSISTENT,false,112,4,8
2,1,VF_CLOJURE,SET,PERSISTENT,true,128,4,11
2,1,VF_CLOJURE,MAP,PERSISTENT,true,96,3,9
2,1,VF_SCALA,SET,PERSISTENT,false,96,4,5
2,1,VF_SCALA,MAP,PERSISTENT,false,160,6,13
2,2,VF_PDB_PERSISTENT_CURRENT,SET,PERSISTENT,false,80,3,5
2,2,VF_PDB_PERSISTENT_CURRENT,MAP,PERSISTENT,false,88,3,7
2,2,VF_PDB_PERSISTENT_MEMOIZED_LAZY,SET,PERSISTENT,false,104,4,6
2,2,VF_PDB_PERSISTENT_MEMOIZED_LAZY,MAP,PERSISTENT,false,112,4,8
2,2,VF_CLOJURE,SET,PERSISTENT,true,128,4,11
2,2,VF_CLOJURE,MAP,PERSISTENT,true,96,3,9
2,2,VF_SCALA,SET,PERSISTENT,false,144,6,7
2,2,VF_SCALA,MAP,PERSISTENT,false,208,8,15
2,3,VF_PDB_PERSISTENT_CURRENT,SET,PERSISTENT,false,80,3,5
2,3,VF_PDB_PERSISTENT_CURRENT,MAP,PERSISTENT,false,88,3,7
2,3,VF_PDB_PERSISTENT_MEMOIZED_LAZY,SET,PERSISTENT,false,104,4,6
2,3,VF_PDB_PERSISTENT_MEMOIZED_LAZY,MAP,PERSISTENT,false,112,4,8
2,3,VF_CLOJURE,SET,PERSISTENT,true,128,4,11
2,3,VF_CLOJURE,MAP,PERSISTENT,true,96,3,9
2,3,VF_SCALA,SET,PERSISTENT,false,96,4,5
2,3,VF_SCALA,MAP,PERSISTENT,false,160,6,13
2,4,VF_PDB_PERSISTENT_CURRENT,SET,PERSISTENT,false,80,3,5
2,4,VF_PDB_PERSISTENT_CURRENT,MAP,PERSISTENT,false,88,3,7
2,4,VF_PDB_PERSISTENT_MEMOIZED_LAZY,SET,PERSISTENT,false,104,4,6
2,4,VF_PDB_PERSISTENT_MEMOIZED_LAZY,MAP,PERSISTENT,false,112,4,8
2,4,VF_CLOJURE,SET,PERSISTENT,true,128,4,11
2,4,VF_CLOJURE,MAP,PERSISTENT,true,96,3,9
2,4,VF_SCALA,SET,PERSISTENT,false,96,4,5
2,4,VF_SCALA,MAP,PERSISTENT,false,160,6,13
4,0,VF_PDB_PERSISTENT_CURRENT,SET,PERSISTENT,false,88,3,7
4,0,VF_PDB_PERSISTENT_CURRENT,MAP,PERSISTENT,false,104,3,11
4,0,VF_PDB_PERSISTENT_MEMOIZED_LAZY,SET,PERSISTENT,false,120,4,8
4,0,VF_PDB_PERSISTENT_MEMOIZED_LAZY,MAP,PERSISTENT,false,136,4,12
4,0,VF_CLOJURE,SET,PERSISTENT,true,144,4,15
4,0,VF_CLOJURE,MAP,PERSISTENT,true,112,3,13
4,0,VF_SCALA,SET,PERSISTENT,false,152,6,9
4,0,VF_SCALA,MAP,PERSISTENT,false,280,10,25
4,1,VF_PDB_PERSISTENT_CURRENT,SET,PERSISTENT,false,144,5,10
4,1,VF_PDB_PERSISTENT_CURRENT,MAP,PERSISTENT,false,160,5,14
4,1,VF_PDB_PERSISTENT_MEMOIZED_LAZY,SET,PERSISTENT,false,192,7,12
4,1,VF_PDB_PERSISTENT_MEMOIZED_LAZY,MAP,PERSISTENT,false,208,7,16
4,1,VF_CLOJURE,SET,PERSISTENT,true,224,7,24
4,1,VF_CLOJURE,MAP,PERSISTENT,true,192,6,22
4,1,VF_SCALA,SET,PERSISTENT,false,152,6,9
4,1,VF_SCALA,MAP,PERSISTENT,false,280,10,25
4,2,VF_PDB_PERSISTENT_CURRENT,SET,PERSISTENT,false,88,3,7
4,2,VF_PDB_PERSISTENT_CURRENT,MAP,PERSISTENT,false,104,3,11
4,2,VF_PDB_PERSISTENT_MEMOIZED_LAZY,SET,PERSISTENT,false,120,4,8
4,2,VF_PDB_PERSISTENT_MEMOIZED_LAZY,MAP,PERSISTENT,false,136,4,12
4,2,VF_CLOJURE,SET,PERSISTENT,true,144,4,15
4,2,VF_CLOJURE,MAP,PERSISTENT,true,112,3,13
4,2,VF_SCALA,SET,PERSISTENT,false,152,6,9
4,2,VF_SCALA,MAP,PERSISTENT,false,280,10,25
4,3,VF_PDB_PERSISTENT_CURRENT,SET,PERSISTENT,false,88,3,7
4,3,VF_PDB_PERSISTENT_CURRENT,MAP,PERSISTENT,false,104,3,11
4,3,VF_PDB_PERSISTENT_MEMOIZED_LAZY,SET,PERSISTENT,false,120,4,8
4,3,VF_PDB_PERSISTENT_MEMOIZED_LAZY,MAP,PERSISTENT,false,136,4,12
4,3,VF_CLOJURE,SET,PERSISTENT,true,144,4,15
4,3,VF_CLOJURE,MAP,PERSISTENT,true,112,3,13
4,3,VF_SCALA,SET,PERSISTENT,false,152,6,9
4,3,VF_SCALA,MAP,PERSISTENT,false,280,10,25
4,4,VF_PDB_PERSISTENT_CURRENT,SET,PERSISTENT,false,88,3,7
4,4,VF_PDB_PERSISTENT_CURRENT,MAP,PERSISTENT,false,104,3,11
4,4,VF_PDB_PERSISTENT_MEMOIZED_LAZY,SET,PERSISTENT,false,120,4,8
4,4,VF_PDB_PERSISTENT_MEMOIZED_LAZY,MAP,PERSISTENT,false,136,4,12
4,4,VF_CLOJURE,SET,PERSISTENT,true,144,4,15
4,4,VF_CLOJURE,MAP,PERSISTENT,true,112,3,13
4,4,VF_SCALA,SET,PERSISTENT,false,200,8,11
4,4,VF_SCALA,MAP,PERSISTENT,false,328,12,27
8,0,VF_PDB_PERSISTENT_CURRENT,SET,PERSISTENT,false,104,3,11
8,0,VF_PDB_PERSISTENT_CURRENT,MAP,PERSISTENT,false,136,3,19
8,0,VF_PDB_PERSISTENT_MEMOIZED_LAZY,SET,PERSISTENT,false,152,4,12
8,0,VF_PDB_PERSISTENT_MEMOIZED_LAZY,MAP,PERSISTENT,false,184,4,20
8,0,VF_CLOJURE,SET,PERSISTENT,true,176,4,23
8,0,VF_CLOJURE,MAP,PERSISTENT,true,144,3,21
8,0,VF_SCALA,SET,PERSISTENT,false,264,10,17
8,0,VF_SCALA,MAP,PERSISTENT,false,520,18,49
8,1,VF_PDB_PERSISTENT_CURRENT,SET,PERSISTENT,false,104,3,11
8,1,VF_PDB_PERSISTENT_CURRENT,MAP,PERSISTENT,false,136,3,19
8,1,VF_PDB_PERSISTENT_MEMOIZED_LAZY,SET,PERSISTENT,false,152,4,12
8,1,VF_PDB_PERSISTENT_MEMOIZED_LAZY,MAP,PERSISTENT,false,184,4,20
8,1,VF_CLOJURE,SET,PERSISTENT,true,176,4,23
8,1,VF_CLOJURE,MAP,PERSISTENT,true,144,3,21
8,1,VF_SCALA,SET,PERSISTENT,false,352,14,21
8,1,VF_SCALA,MAP,PERSISTENT,false,608,22,53
8,2,VF_PDB_PERSISTENT_CURRENT,SET,PERSISTENT,false,208,7,17
8,2,VF_PDB_PERSISTENT_CURRENT,MAP,PERSISTENT,false,240,7,25
8,2,VF_PDB_PERSISTENT_MEMOIZED_LAZY,SET,PERSISTENT,false,288,10,20
8,2,VF_PDB_PERSISTENT_MEMOIZED_LAZY,MAP,PERSISTENT,false,320,10,28
8,2,VF_CLOJURE,SET,PERSISTENT,true,336,10,41
8,2,VF_CLOJURE,MAP,PERSISTENT,true,304,9,39
8,2,VF_SCALA,SET,PERSISTENT,false,352,14,21
8,2,VF_SCALA,MAP,PERSISTENT,false,608,22,53
8,3,VF_PDB_PERSISTENT_CURRENT,SET,PERSISTENT,false,160,5,14
8,3,VF_PDB_PERSISTENT_CURRENT,MAP,PERSISTENT,false,192,5,22
8,3,VF_PDB_PERSISTENT_MEMOIZED_LAZY,SET,PERSISTENT,false,224,7,16
8,3,VF_PDB_PERSISTENT_MEMOIZED_LAZY,MAP,PERSISTENT,false,256,7,24
8,3,VF_CLOJURE,SET,PERSISTENT,true,256,7,32
8,3,VF_CLOJURE,MAP,PERSISTENT,true,224,6,30
8,3,VF_SCALA,SET,PERSISTENT,false,312,12,19
8,3,VF_SCALA,MAP,PERSISTENT,false,568,20,51
8,4,VF_PDB_PERSISTENT_CURRENT,SET,PERSISTENT,false,104,3,11
8,4,VF_PDB_PERSISTENT_CURRENT,MAP,PERSISTENT,false,136,3,19
8,4,VF_PDB_PERSISTENT_MEMOIZED_LAZY,SET,PERSISTENT,false,152,4,12
8,4,VF_PDB_PERSISTENT_MEMOIZED_LAZY,MAP,PERSISTENT,false,184,4,20
8,4,VF_CLOJURE,SET,PERSISTENT,true,176,4,23
8,4,VF_CLOJURE,MAP,PERSISTENT,true,144,3,21
8,4,VF_SCALA,SET,PERSISTENT,false,264,10,17
8,4,VF_SCALA,MAP,PERSISTENT,false,520,18,49
16,0,VF_PDB_PERSISTENT_CURRENT,SET,PERSISTENT,false,240,7,25
16,0,VF_PDB_PERSISTENT_CURRENT,MAP,PERSISTENT,false,304,7,41
16,0,VF_PDB_PERSISTENT_MEMOIZED_LAZY,SET,PERSISTENT,false,352,10,28
16,0,VF_PDB_PERSISTENT_MEMOIZED_LAZY,MAP,PERSISTENT,false,416,10,44
16,0,VF_CLOJURE,SET,PERSISTENT,true,400,10,57
16,0,VF_CLOJURE,MAP,PERSISTENT,true,368,9,55
16,0,VF_SCALA,SET,PERSISTENT,false,664,26,41
16,0,VF_SCALA,MAP,PERSISTENT,false,1176,42,105
16,1,VF_PDB_PERSISTENT_CURRENT,SET,PERSISTENT,false,240,7,25
16,1,VF_PDB_PERSISTENT_CURRENT,MAP,PERSISTENT,false,304,7,41
16,1,VF_PDB_PERSISTENT_MEMOIZED_LAZY,SET,PERSISTENT,false,352,10,28
16,1,VF_PDB_PERSISTENT_MEMOIZED_LAZY,MAP,PERSISTENT,false,416,10,44
16,1,VF_CLOJURE,SET,PERSISTENT,true,400,10,57
16,1,VF_CLOJURE,MAP,PERSISTENT,true,368,9,55
16,1,VF_SCALA,SET,PERSISTENT,false,712,28,43
16,1,VF_SCALA,MAP,PERSISTENT,false,1224,44,107
16,2,VF_PDB_PERSISTENT_CURRENT,SET,PERSISTENT,false,192,5,22
16,2,VF_PDB_PERSISTENT_CURRENT,MAP,PERSISTENT,false,256,5,38
16,2,VF_PDB_PERSISTENT_MEMOIZED_LAZY,SET,PERSISTENT,false,288,7,24
16,2,VF_PDB_PERSISTENT_MEMOIZED_LAZY,MAP,PERSISTENT,false,352,7,40
16,2,VF_CLOJURE,SET,PERSISTENT,true,320,7,48
16,2,VF_CLOJURE,MAP,PERSISTENT,true,288,6,46
16,2,VF_SCALA,SET,PERSISTENT,false,536,20,35
16,2,VF_SCALA,MAP,PERSISTENT,false,1048,36,99
16,3,VF_PDB_PERSISTENT_CURRENT,SET,PERSISTENT,false,296,9,28
16,3,VF_PDB_PERSISTENT_CURRENT,MAP,PERSISTENT,false,360,9,44
16,3,VF_PDB_PERSISTENT_MEMOIZED_LAZY,SET,PERSISTENT,false,424,13,32
16,3,VF_PDB_PERSISTENT_MEMOIZED_LAZY,MAP,PERSISTENT,false,488,13,48
16,3,VF_CLOJURE,SET,PERSISTENT,true,480,13,66
16,3,VF_CLOJURE,MAP,PERSISTENT,true,448,12,64
16,3,VF_SCALA,SET,PERSISTENT,false,536,20,35
16,3,VF_SCALA,MAP,PERSISTENT,false,1048,36,99
16,4,VF_PDB_PERSISTENT_CURRENT,SET,PERSISTENT,false,296,9,28
16,4,VF_PDB_PERSISTENT_CURRENT,MAP,PERSISTENT,false,360,9,44
16,4,VF_PDB_PERSISTENT_MEMOIZED_LAZY,SET,PERSISTENT,false,432,13,32
16,4,VF_PDB_PERSISTENT_MEMOIZED_LAZY,MAP,PERSISTENT,false,496,13,48
16,4,VF_CLOJURE,SET,PERSISTENT,true,448,12,61
16,4,VF_CLOJURE,MAP,PERSISTENT,true,416,11,59
16,4,VF_SCALA,SET,PERSISTENT,false,576,22,37
16,4,VF_SCALA,MAP,PERSISTENT,false,1088,38,101
32,0,VF_PDB_PERSISTENT_CURRENT,SET,PERSISTENT,false,680,21,62
32,0,VF_PDB_PERSISTENT_CURRENT,MAP,PERSISTENT,false,800,21,94
32,0,VF_PDB_PERSISTENT_MEMOIZED_LAZY,SET,PERSISTENT,false,976,31,72
32,0,VF_PDB_PERSISTENT_MEMOIZED_LAZY,MAP,PERSISTENT,false,1096,31,104
32,0,VF_CLOJURE,SET,PERSISTENT,true,1432,49,160
32,0,VF_CLOJURE,MAP,PERSISTENT,true,1400,48,158
32,0,VF_SCALA,SET,PERSISTENT,false,1344,52,83
32,0,VF_SCALA,MAP,PERSISTENT,false,2368,84,211
32,1,VF_PDB_PERSISTENT_CURRENT,SET,PERSISTENT,false,632,19,59
32,1,VF_PDB_PERSISTENT_CURRENT,MAP,PERSISTENT,false,744,19,91
32,1,VF_PDB_PERSISTENT_MEMOIZED_LAZY,SET,PERSISTENT,false,920,28,68
32,1,VF_PDB_PERSISTENT_MEMOIZED_LAZY,MAP,PERSISTENT,false,1032,28,100
32,1,VF_CLOJURE,SET,PERSISTENT,true,1352,45,156
32,1,VF_CLOJURE,MAP,PERSISTENT,true,1320,44,154
32,1,VF_SCALA,SET,PERSISTENT,false,1288,50,81
32,1,VF_SCALA,MAP,PERSISTENT,false,2312,82,209
32,2,VF_PDB_PERSISTENT_CURRENT,SET,PERSISTENT,false,464,13,50
32,2,VF_PDB_PERSISTENT_CURRENT,MAP,PERSISTENT,false,592,13,82
32,2,VF_PDB_PERSISTENT_MEMOIZED_LAZY,SET,PERSISTENT,false,696,19,56
32,2,VF_PDB_PERSISTENT_MEMOIZED_LAZY,MAP,PERSISTENT,false,824,19,88
32,2,VF_CLOJURE,SET,PERSISTENT,true,1376,48,147
32,2,VF_CLOJURE,MAP,PERSISTENT,true,1344,47,145
32,2,VF_SCALA,SET,PERSISTENT,false,1304,50,81
32,2,VF_SCALA,MAP,PERSISTENT,false,2328,82,209
32,3,VF_PDB_PERSISTENT_CURRENT,SET,PERSISTENT,false,568,17,56
32,3,VF_PDB_PERSISTENT_CURRENT,MAP,PERSISTENT,false,696,17,88
32,3,VF_PDB_PERSISTENT_MEMOIZED_LAZY,SET,PERSISTENT,false,824,25,64
32,3,VF_PDB_PERSISTENT_MEMOIZED_LAZY,MAP,PERSISTENT,false,952,25,96
32,3,VF_CLOJURE,SET,PERSISTENT,true,1368,47,150
32,3,VF_CLOJURE,MAP,PERSISTENT,true,1336,46,148
32,3,VF_SCALA,SET,PERSISTENT,false,1296,50,81
32,3,VF_SCALA,MAP,PERSISTENT,false,2320,82,209
32,4,VF_PDB_PERSISTENT_CURRENT,SET,PERSISTENT,false,680,21,62
32,4,VF_PDB_PERSISTENT_CURRENT,MAP,PERSISTENT,false,800,21,94
32,4,VF_PDB_PERSISTENT_MEMOIZED_LAZY,SET,PERSISTENT,false,976,31,72
32,4,VF_PDB_PERSISTENT_MEMOIZED_LAZY,MAP,PERSISTENT,false,1096,31,104
32,4,VF_CLOJURE,SET,PERSISTENT,true,1480,51,164
32,4,VF_CLOJURE,MAP,PERSISTENT,true,1448,50,162
32,4,VF_SCALA,SET,PERSISTENT,false,1344,52,83
32,4,VF_SCALA,MAP,PERSISTENT,false,2368,84,211
64,0,VF_PDB_PERSISTENT_CURRENT,SET,PERSISTENT,false,1552,49,136
64,0,VF_PDB_PERSISTENT_CURRENT,MAP,PERSISTENT,false,1792,49,200
64,0,VF_PDB_PERSISTENT_MEMOIZED_LAZY,SET,PERSISTENT,false,2216,73,160
64,0,VF_PDB_PERSISTENT_MEMOIZED_LAZY,MAP,PERSISTENT,false,2456,73,224
64,0,VF_CLOJURE,SET,PERSISTENT,true,2288,76,269
64,0,VF_CLOJURE,MAP,PERSISTENT,true,2256,75,267
64,0,VF_SCALA,SET,PERSISTENT,false,2736,106,169
64,0,VF_SCALA,MAP,PERSISTENT,false,4784,170,425
64,1,VF_PDB_PERSISTENT_CURRENT,SET,PERSISTENT,false,1496,47,133
64,1,VF_PDB_PERSISTENT_CURRENT,MAP,PERSISTENT,false,1736,47,197
64,1,VF_PDB_PERSISTENT_MEMOIZED_LAZY,SET,PERSISTENT,false,2144,70,156
64,1,VF_PDB_PERSISTENT_MEMOIZED_LAZY,MAP,PERSISTENT,false,2384,70,220
64,1,VF_CLOJURE,SET,PERSISTENT,true,2168,71,258
64,1,VF_CLOJURE,MAP,PERSISTENT,true,2136,70,256
64,1,VF_SCALA,SET,PERSISTENT,false,2864,112,175
64,1,VF_SCALA,MAP,PERSISTENT,false,4912,176,431
64,2,VF_PDB_PERSISTENT_CURRENT,SET,PERSISTENT,false,1544,49,136
64,2,VF_PDB_PERSISTENT_CURRENT,MAP,PERSISTENT,false,1784,49,200
64,2,VF_PDB_PERSISTENT_MEMOIZED_LAZY,SET,PERSISTENT,false,2208,73,160
64,2,VF_PDB_PERSISTENT_MEMOIZED_LAZY,MAP,PERSISTENT,false,2448,73,224
64,2,VF_CLOJURE,SET,PERSISTENT,true,2112,69,252
64,2,VF_CLOJURE,MAP,PERSISTENT,true,2080,68,250
64,2,VF_SCALA,SET,PERSISTENT,false,2656,102,165
64,2,VF_SCALA,MAP,PERSISTENT,false,4704,166,421
64,3,VF_PDB_PERSISTENT_CURRENT,SET,PERSISTENT,false,1560,49,136
64,3,VF_PDB_PERSISTENT_CURRENT,MAP,PERSISTENT,false,1792,49,200
64,3,VF_PDB_PERSISTENT_MEMOIZED_LAZY,SET,PERSISTENT,false,2240,73,160
64,3,VF_PDB_PERSISTENT_MEMOIZED_LAZY,MAP,PERSISTENT,false,2472,73,224
64,3,VF_CLOJURE,SET,PERSISTENT,true,2096,66,261
64,3,VF_CLOJURE,MAP,PERSISTENT,true,2064,65,259
64,3,VF_SCALA,SET,PERSISTENT,false,2880,112,175
64,3,VF_SCALA,MAP,PERSISTENT,false,4928,176,431
64,4,VF_PDB_PERSISTENT_CURRENT,SET,PERSISTENT,false,1608,51,139
64,4,VF_PDB_PERSISTENT_CURRENT,MAP,PERSISTENT,false,1856,51,203
64,4,VF_PDB_PERSISTENT_MEMOIZED_LAZY,SET,PERSISTENT,false,2296,76,164
64,4,VF_PDB_PERSISTENT_MEMOIZED_LAZY,MAP,PERSISTENT,false,2544,76,228
64,4,VF_CLOJURE,SET,PERSISTENT,true,2424,80,289
64,4,VF_CLOJURE,MAP,PERSISTENT,true,2392,79,287
64,4,VF_SCALA,SET,PERSISTENT,false,2696,104,167
64,4,VF_SCALA,MAP,PERSISTENT,false,4744,168,423
128,0,VF_PDB_PERSISTENT_CURRENT,SET,PERSISTENT,false,2456,73,236
128,0,VF_PDB_PERSISTENT_CURRENT,MAP,PERSISTENT,false,2936,73,364
128,0,VF_PDB_PERSISTENT_MEMOIZED_LAZY,SET,PERSISTENT,false,3592,109,272
128,0,VF_PDB_PERSISTENT_MEMOIZED_LAZY,MAP,PERSISTENT,false,4072,109,400
128,0,VF_CLOJURE,SET,PERSISTENT,true,3040,86,419
128,0,VF_CLOJURE,MAP,PERSISTENT,true,3008,85,417
128,0,VF_SCALA,SET,PERSISTENT,false,5312,204,331
128,0,VF_SCALA,MAP,PERSISTENT,false,9408,332,843
128,1,VF_PDB_PERSISTENT_CURRENT,SET,PERSISTENT,false,2512,75,239
128,1,VF_PDB_PERSISTENT_CURRENT,MAP,PERSISTENT,false,2984,75,367
128,1,VF_PDB_PERSISTENT_MEMOIZED_LAZY,SET,PERSISTENT,false,3664,112,276
128,1,VF_PDB_PERSISTENT_MEMOIZED_LAZY,MAP,PERSISTENT,false,4136,112,404
128,1,VF_CLOJURE,SET,PERSISTENT,true,2992,84,415
128,1,VF_CLOJURE,MAP,PERSISTENT,true,2960,83,413
128,1,VF_SCALA,SET,PERSISTENT,false,5304,204,331
128,1,VF_SCALA,MAP,PERSISTENT,false,9400,332,843
128,2,VF_PDB_PERSISTENT_CURRENT,SET,PERSISTENT,false,2560,77,242
128,2,VF_PDB_PERSISTENT_CURRENT,MAP,PERSISTENT,false,3048,77,370
128,2,VF_PDB_PERSISTENT_MEMOIZED_LAZY,SET,PERSISTENT,false,3752,115,280
128,2,VF_PDB_PERSISTENT_MEMOIZED_LAZY,MAP,PERSISTENT,false,4240,115,408
128,2,VF_CLOJURE,SET,PERSISTENT,true,3192,91,438
128,2,VF_CLOJURE,MAP,PERSISTENT,true,3160,90,436
128,2,VF_SCALA,SET,PERSISTENT,false,5424,210,337
128,2,VF_SCALA,MAP,PERSISTENT,false,9520,338,849
128,3,VF_PDB_PERSISTENT_CURRENT,SET,PERSISTENT,false,2576,77,242
128,3,VF_PDB_PERSISTENT_CURRENT,MAP,PERSISTENT,false,3056,77,370
128,3,VF_PDB_PERSISTENT_MEMOIZED_LAZY,SET,PERSISTENT,false,3768,115,280
128,3,VF_PDB_PERSISTENT_MEMOIZED_LAZY,MAP,PERSISTENT,false,4248,115,408
128,3,VF_CLOJURE,SET,PERSISTENT,true,3176,91,434
128,3,VF_CLOJURE,MAP,PERSISTENT,true,3144,90,432
128,3,VF_SCALA,SET,PERSISTENT,false,5216,200,327
128,3,VF_SCALA,MAP,PERSISTENT,false,9312,328,839
128,4,VF_PDB_PERSISTENT_CURRENT,SET,PERSISTENT,false,2736,83,251
128,4,VF_PDB_PERSISTENT_CURRENT,MAP,PERSISTENT,false,3216,83,379
128,4,VF_PDB_PERSISTENT_MEMOIZED_LAZY,SET,PERSISTENT,false,3960,124,292
128,4,VF_PDB_PERSISTENT_MEMOIZED_LAZY,MAP,PERSISTENT,false,4440,124,420
128,4,VF_CLOJURE,SET,PERSISTENT,true,3480,99,482
128,4,VF_CLOJURE,MAP,PERSISTENT,true,3448,98,480
128,4,VF_SCALA,SET,PERSISTENT,false,5400,208,335
128,4,VF_SCALA,MAP,PERSISTENT,false,9496,336,847
256,0,VF_PDB_PERSISTENT_CURRENT,SET,PERSISTENT,false,4280,123,439
256,0,VF_PDB_PERSISTENT_CURRENT,MAP,PERSISTENT,false,5304,123,695
256,0,VF_PDB_PERSISTENT_MEMOIZED_LAZY,SET,PERSISTENT,false,6360,184,500
256,0,VF_PDB_PERSISTENT_MEMOIZED_LAZY,MAP,PERSISTENT,false,7384,184,756
256,0,VF_CLOJURE,SET,PERSISTENT,true,5768,150,863
256,0,VF_CLOJURE,MAP,PERSISTENT,true,5736,149,861
256,0,VF_SCALA,SET,PERSISTENT,false,10208,390,645
256,0,VF_SCALA,MAP,PERSISTENT,false,18400,646,1669
256,1,VF_PDB_PERSISTENT_CURRENT,SET,PERSISTENT,false,3968,111,421
256,1,VF_PDB_PERSISTENT_CURRENT,MAP,PERSISTENT,false,4976,111,677
256,1,VF_PDB_PERSISTENT_MEMOIZED_LAZY,SET,PERSISTENT,false,5952,166,476
256,1,VF_PDB_PERSISTENT_MEMOIZED_LAZY,MAP,PERSISTENT,false,6960,166,732
256,1,VF_CLOJURE,SET,PERSISTENT,true,5328,134,813
256,1,VF_CLOJURE,MAP,PERSISTENT,true,5296,133,811
256,1,VF_SCALA,SET,PERSISTENT,false,9920,378,633
256,1,VF_SCALA,MAP,PERSISTENT,false,18112,634,1657
256,2,VF_PDB_PERSISTENT_CURRENT,SET,PERSISTENT,false,4016,113,424
256,2,VF_PDB_PERSISTENT_CURRENT,MAP,PERSISTENT,false,5032,113,680
256,2,VF_PDB_PERSISTENT_MEMOIZED_LAZY,SET,PERSISTENT,false,5992,169,480
256,2,VF_PDB_PERSISTENT_MEMOIZED_LAZY,MAP,PERSISTENT,false,7008,169,736
256,2,VF_CLOJURE,SET,PERSISTENT,true,5360,135,816
256,2,VF_CLOJURE,MAP,PERSISTENT,true,5328,134,814
256,2,VF_SCALA,SET,PERSISTENT,false,9744,370,625
256,2,VF_SCALA,MAP,PERSISTENT,false,17936,626,1649
256,3,VF_PDB_PERSISTENT_CURRENT,SET,PERSISTENT,false,4392,127,445
256,3,VF_PDB_PERSISTENT_CURRENT,MAP,PERSISTENT,false,5400,127,701
256,3,VF_PDB_PERSISTENT_MEMOIZED_LAZY,SET,PERSISTENT,false,6480,190,508
256,3,VF_PDB_PERSISTENT_MEMOIZED_LAZY,MAP,PERSISTENT,false,7488,190,764
256,3,VF_CLOJURE,SET,PERSISTENT,true,5976,158,885
256,3,VF_CLOJURE,MAP,PERSISTENT,true,5944,157,883
256,3,VF_SCALA,SET,PERSISTENT,false,9304,350,605
256,3,VF_SCALA,MAP,PERSISTENT,false,17496,606,1629
256,4,VF_PDB_PERSISTENT_CURRENT,SET,PERSISTENT,false,4400,127,445
256,4,VF_PDB_PERSISTENT_CURRENT,MAP,PERSISTENT,false,5400,127,701
256,4,VF_PDB_PERSISTENT_MEMOIZED_LAZY,SET,PERSISTENT,false,6496,190,508
256,4,VF_PDB_PERSISTENT_MEMOIZED_LAZY,MAP,PERSISTENT,false,7496,190,764
256,4,VF_CLOJURE,SET,PERSISTENT,true,5960,157,886
256,4,VF_CLOJURE,MAP,PERSISTENT,true,5928,156,884
256,4,VF_SCALA,SET,PERSISTENT,false,9784,372,627
256,4,VF_SCALA,MAP,PERSISTENT,false,17976,628,1651
512,0,VF_PDB_PERSISTENT_CURRENT,SET,PERSISTENT,false,8528,245,878
512,0,VF_PDB_PERSISTENT_CURRENT,MAP,PERSISTENT,false,10544,245,1390
512,0,VF_PDB_PERSISTENT_MEMOIZED_LAZY,SET,PERSISTENT,false,12648,367,1000
512,0,VF_PDB_PERSISTENT_MEMOIZED_LAZY,MAP,PERSISTENT,false,14664,367,1512
512,0,VF_CLOJURE,SET,PERSISTENT,true,13800,387,1960
512,0,VF_CLOJURE,MAP,PERSISTENT,true,13768,386,1958
512,0,VF_SCALA,SET,PERSISTENT,false,20296,778,1289
512,0,VF_SCALA,MAP,PERSISTENT,false,36680,1290,3337
512,1,VF_PDB_PERSISTENT_CURRENT,SET,PERSISTENT,false,9136,269,914
512,1,VF_PDB_PERSISTENT_CURRENT,MAP,PERSISTENT,false,11160,269,1426
512,1,VF_PDB_PERSISTENT_MEMOIZED_LAZY,SET,PERSISTENT,false,13432,403,1048
512,1,VF_PDB_PERSISTENT_MEMOIZED_LAZY,MAP,PERSISTENT,false,15456,403,1560
512,1,VF_CLOJURE,SET,PERSISTENT,true,13728,377,2004
512,1,VF_CLOJURE,MAP,PERSISTENT,true,13696,376,2002
512,1,VF_SCALA,SET,PERSISTENT,false,19784,754,1265
512,1,VF_SCALA,MAP,PERSISTENT,false,36168,1266,3313
512,2,VF_PDB_PERSISTENT_CURRENT,SET,PERSISTENT,false,8768,255,893
512,2,VF_PDB_PERSISTENT_CURRENT,MAP,PERSISTENT,false,10784,255,1405
512,2,VF_PDB_PERSISTENT_MEMOIZED_LAZY,SET,PERSISTENT,false,12936,382,1020
512,2,VF_PDB_PERSISTENT_MEMOIZED_LAZY,MAP,PERSISTENT,false,14952,382,1532
512,2,VF_CLOJURE,SET,PERSISTENT,true,14960,434,2073
512,2,VF_CLOJURE,MAP,PERSISTENT,true,14928,433,2071
512,2,VF_SCALA,SET,PERSISTENT,false,20064,766,1277
512,2,VF_SCALA,MAP,PERSISTENT,false,36448,1278,3325
512,3,VF_PDB_PERSISTENT_CURRENT,SET,PERSISTENT,false,8208,233,860
512,3,VF_PDB_PERSISTENT_CURRENT,MAP,PERSISTENT,false,10232,233,1372
512,3,VF_PDB_PERSISTENT_MEMOIZED_LAZY,SET,PERSISTENT,false,12208,349,976
512,3,VF_PDB_PERSISTENT_MEMOIZED_LAZY,MAP,PERSISTENT,false,14232,349,1488
512,3,VF_CLOJURE,SET,PERSISTENT,true,13840,387,1978
512,3,VF_CLOJURE,MAP,PERSISTENT,true,13808,386,1976
512,3,VF_SCALA,SET,PERSISTENT,false,20024,766,1277
512,3,VF_SCALA,MAP,PERSISTENT,false,36408,1278,3325
512,4,VF_PDB_PERSISTENT_CURRENT,SET,PERSISTENT,false,9096,267,911
512,4,VF_PDB_PERSISTENT_CURRENT,MAP,PERSISTENT,false,11128,267,1423
512,4,VF_PDB_PERSISTENT_MEMOIZED_LAZY,SET,PERSISTENT,false,13360,400,1044
512,4,VF_PDB_PERSISTENT_MEMOIZED_LAZY,MAP,PERSISTENT,false,15392,400,1556
512,4,VF_CLOJURE,SET,PERSISTENT,true,14016,384,2049
512,4,VF_CLOJURE,MAP,PERSISTENT,true,13984,383,2047
512,4,VF_SCALA,SET,PERSISTENT,false,19816,756,1267
512,4,VF_SCALA,MAP,PERSISTENT,false,36200,1268,3315
1024,0,VF_PDB_PERSISTENT_CURRENT,SET,PERSISTENT,false,21576,659,2011
1024,0,VF_PDB_PERSISTENT_CURRENT,MAP,PERSISTENT,false,25456,659,3035
1024,0,VF_PDB_PERSISTENT_MEMOIZED_LAZY,SET,PERSISTENT,false,31280,988,2340
1024,0,VF_PDB_PERSISTENT_MEMOIZED_LAZY,MAP,PERSISTENT,false,35160,988,3364
1024,0,VF_CLOJURE,SET,PERSISTENT,true,42928,1454,5023
1024,0,VF_CLOJURE,MAP,PERSISTENT,true,42896,1453,5021
1024,0,VF_SCALA,SET,PERSISTENT,false,43032,1662,2685
1024,0,VF_SCALA,MAP,PERSISTENT,false,75800,2686,6781
1024,1,VF_PDB_PERSISTENT_CURRENT,SET,PERSISTENT,false,21800,667,2023
1024,1,VF_PDB_PERSISTENT_CURRENT,MAP,PERSISTENT,false,25664,667,3047
1024,1,VF_PDB_PERSISTENT_MEMOIZED_LAZY,SET,PERSISTENT,false,31568,1000,2356
1024,1,VF_PDB_PERSISTENT_MEMOIZED_LAZY,MAP,PERSISTENT,false,35432,1000,3380
1024,1,VF_CLOJURE,SET,PERSISTENT,true,42864,1447,5038
1024,1,VF_CLOJURE,MAP,PERSISTENT,true,42832,1446,5036
1024,1,VF_SCALA,SET,PERSISTENT,false,43088,1664,2687
1024,1,VF_SCALA,MAP,PERSISTENT,false,75856,2688,6783
1024,2,VF_PDB_PERSISTENT_CURRENT,SET,PERSISTENT,false,20232,609,1936
1024,2,VF_PDB_PERSISTENT_CURRENT,MAP,PERSISTENT,false,24144,609,2960
1024,2,VF_PDB_PERSISTENT_MEMOIZED_LAZY,SET,PERSISTENT,false,29528,913,2240
1024,2,VF_PDB_PERSISTENT_MEMOIZED_LAZY,MAP,PERSISTENT,false,33440,913,3264
1024,2,VF_CLOJURE,SET,PERSISTENT,true,42192,1439,4872
1024,2,VF_CLOJURE,MAP,PERSISTENT,true,42160,1438,4870
1024,2,VF_SCALA,SET,PERSISTENT,false,42520,1640,2663
1024,2,VF_SCALA,MAP,PERSISTENT,false,75288,2664,6759
1024,3,VF_PDB_PERSISTENT_CURRENT,SET,PERSISTENT,false,21832,669,2026
1024,3,VF_PDB_PERSISTENT_CURRENT,MAP,PERSISTENT,false,25728,669,3050
1024,3,VF_PDB_PERSISTENT_MEMOIZED_LAZY,SET,PERSISTENT,false,31576,1003,2360
1024,3,VF_PDB_PERSISTENT_MEMOIZED_LAZY,MAP,PERSISTENT,false,35472,1003,3384
1024,3,VF_CLOJURE,SET,PERSISTENT,true,42824,1446,5029
1024,3,VF_CLOJURE,MAP,PERSISTENT,true,42792,1445,5027
1024,3,VF_SCALA,SET,PERSISTENT,false,43016,1662,2685
1024,3,VF_SCALA,MAP,PERSISTENT,false,75784,2686,6781
1024,4,VF_PDB_PERSISTENT_CURRENT,SET,PERSISTENT,false,21032,639,1981
1024,4,VF_PDB_PERSISTENT_CURRENT,MAP,PERSISTENT,false,24928,639,3005
1024,4,VF_PDB_PERSISTENT_MEMOIZED_LAZY,SET,PERSISTENT,false,30528,958,2300
1024,4,VF_PDB_PERSISTENT_MEMOIZED_LAZY,MAP,PERSISTENT,false,34424,958,3324
1024,4,VF_CLOJURE,SET,PERSISTENT,true,42480,1443,4944
1024,4,VF_CLOJURE,MAP,PERSISTENT,true,42448,1442,4942
1024,4,VF_SCALA,SET,PERSISTENT,false,42864,1652,2675
1024,4,VF_SCALA,MAP,PERSISTENT,false,75632,2676,6771
2048,0,VF_PDB_PERSISTENT_CURRENT,SET,PERSISTENT,false,44864,1369,4100
2048,0,VF_PDB_PERSISTENT_CURRENT,MAP,PERSISTENT,false,52256,1369,6148
2048,0,VF_PDB_PERSISTENT_MEMOIZED_LAZY,SET,PERSISTENT,false,65056,2053,4784
2048,0,VF_PDB_PERSISTENT_MEMOIZED_LAZY,MAP,PERSISTENT,false,72448,2053,6832
2048,0,VF_CLOJURE,SET,PERSISTENT,true,64448,2073,7954
2048,0,VF_CLOJURE,MAP,PERSISTENT,true,64416,2072,7952
2048,0,VF_SCALA,SET,PERSISTENT,false,89064,3446,5493
2048,0,VF_SCALA,MAP,PERSISTENT,false,154600,5494,13685
2048,1,VF_PDB_PERSISTENT_CURRENT,SET,PERSISTENT,false,44336,1353,4076
2048,1,VF_PDB_PERSISTENT_CURRENT,MAP,PERSISTENT,false,51840,1353,6124
2048,1,VF_PDB_PERSISTENT_MEMOIZED_LAZY,SET,PERSISTENT,false,64344,2029,4752
2048,1,VF_PDB_PERSISTENT_MEMOIZED_LAZY,MAP,PERSISTENT,false,71848,2029,6800
2048,1,VF_CLOJURE,SET,PERSISTENT,true,64584,2082,7959
2048,1,VF_CLOJURE,MAP,PERSISTENT,true,64552,2081,7957
2048,1,VF_SCALA,SET,PERSISTENT,false,89176,3452,5499
2048,1,VF_SCALA,MAP,PERSISTENT,false,154712,5500,13691
2048,2,VF_PDB_PERSISTENT_CURRENT,SET,PERSISTENT,false,46216,1425,4184
2048,2,VF_PDB_PERSISTENT_CURRENT,MAP,PERSISTENT,false,53728,1425,6232
2048,2,VF_PDB_PERSISTENT_MEMOIZED_LAZY,SET,PERSISTENT,false,66768,2137,4896
2048,2,VF_PDB_PERSISTENT_MEMOIZED_LAZY,MAP,PERSISTENT,false,74280,2137,6944
2048,2,VF_CLOJURE,SET,PERSISTENT,true,66160,2138,8151
2048,2,VF_CLOJURE,MAP,PERSISTENT,true,66128,2137,8149
2048,2,VF_SCALA,SET,PERSISTENT,false,90000,3490,5537
2048,2,VF_SCALA,MAP,PERSISTENT,false,155536,5538,13729
2048,3,VF_PDB_PERSISTENT_CURRENT,SET,PERSISTENT,false,45752,1407,4157
2048,3,VF_PDB_PERSISTENT_CURRENT,MAP,PERSISTENT,false,53280,1407,6205
2048,3,VF_PDB_PERSISTENT_MEMOIZED_LAZY,SET,PERSISTENT,false,66192,2110,4860
2048,3,VF_PDB_PERSISTENT_MEMOIZED_LAZY,MAP,PERSISTENT,false,73720,2110,6908
2048,3,VF_CLOJURE,SET,PERSISTENT,true,65960,2135,8106
2048,3,VF_CLOJURE,MAP,PERSISTENT,true,65928,2134,8104
2048,3,VF_SCALA,SET,PERSISTENT,false,89368,3458,5505
2048,3,VF_SCALA,MAP,PERSISTENT,false,154904,5506,13697
2048,4,VF_PDB_PERSISTENT_CURRENT,SET,PERSISTENT,false,45744,1405,4154
2048,4,VF_PDB_PERSISTENT_CURRENT,MAP,PERSISTENT,false,53208,1405,6202
2048,4,VF_PDB_PERSISTENT_MEMOIZED_LAZY,SET,PERSISTENT,false,66160,2107,4856
2048,4,VF_PDB_PERSISTENT_MEMOIZED_LAZY,MAP,PERSISTENT,false,73624,2107,6904
2048,4,VF_CLOJURE,SET,PERSISTENT,true,65504,2109,8098
2048,4,VF_CLOJURE,MAP,PERSISTENT,true,65472,2108,8096
2048,4,VF_SCALA,SET,PERSISTENT,false,89312,3456,5503
2048,4,VF_SCALA,MAP,PERSISTENT,false,154848,5504,13695
4096,0,VF_PDB_PERSISTENT_CURRENT,SET,PERSISTENT,false,81400,2429,7738
4096,0,VF_PDB_PERSISTENT_CURRENT,MAP,PERSISTENT,false,96832,2429,11834
4096,0,VF_PDB_PERSISTENT_MEMOIZED_LAZY,SET,PERSISTENT,false,119136,3643,8952
4096,0,VF_PDB_PERSISTENT_MEMOIZED_LAZY,MAP,PERSISTENT,false,134568,3643,13048
4096,0,VF_CLOJURE,SET,PERSISTENT,true,100208,2867,13866
4096,0,VF_CLOJURE,MAP,PERSISTENT,true,100176,2866,13864
4096,0,VF_SCALA,SET,PERSISTENT,false,169920,6526,10621
4096,0,VF_SCALA,MAP,PERSISTENT,false,300992,10622,27005
4096,1,VF_PDB_PERSISTENT_CURRENT,SET,PERSISTENT,false,81240,2419,7723
4096,1,VF_PDB_PERSISTENT_CURRENT,MAP,PERSISTENT,false,96496,2419,11819
4096,1,VF_PDB_PERSISTENT_MEMOIZED_LAZY,SET,PERSISTENT,false,118904,3628,8932
4096,1,VF_PDB_PERSISTENT_MEMOIZED_LAZY,MAP,PERSISTENT,false,134160,3628,13028
4096,1,VF_CLOJURE,SET,PERSISTENT,true,98880,2811,13752
4096,1,VF_CLOJURE,MAP,PERSISTENT,true,98848,2810,13750
4096,1,VF_SCALA,SET,PERSISTENT,false,169816,6516,10611
4096,1,VF_SCALA,MAP,PERSISTENT,false,300888,10612,26995
4096,2,VF_PDB_PERSISTENT_CURRENT,SET,PERSISTENT,false,81552,2429,7738
4096,2,VF_PDB_PERSISTENT_CURRENT,MAP,PERSISTENT,false,96800,2429,11834
4096,2,VF_PDB_PERSISTENT_MEMOIZED_LAZY,SET,PERSISTENT,false,119304,3643,8952
4096,2,VF_PDB_PERSISTENT_MEMOIZED_LAZY,MAP,PERSISTENT,false,134552,3643,13048
4096,2,VF_CLOJURE,SET,PERSISTENT,true,99712,2849,13810
4096,2,VF_CLOJURE,MAP,PERSISTENT,true,99680,2848,13808
4096,2,VF_SCALA,SET,PERSISTENT,false,170432,6544,10639
4096,2,VF_SCALA,MAP,PERSISTENT,false,301504,10640,27023
4096,3,VF_PDB_PERSISTENT_CURRENT,SET,PERSISTENT,false,81016,2417,7720
4096,3,VF_PDB_PERSISTENT_CURRENT,MAP,PERSISTENT,false,96440,2417,11816
4096,3,VF_PDB_PERSISTENT_MEMOIZED_LAZY,SET,PERSISTENT,false,118672,3625,8928
4096,3,VF_PDB_PERSISTENT_MEMOIZED_LAZY,MAP,PERSISTENT,false,134096,3625,13024
4096,3,VF_CLOJURE,SET,PERSISTENT,true,100024,2860,13853
4096,3,VF_CLOJURE,MAP,PERSISTENT,true,99992,2859,13851
4096,3,VF_SCALA,SET,PERSISTENT,false,169440,6504,10599
4096,3,VF_SCALA,MAP,PERSISTENT,false,300512,10600,26983
4096,4,VF_PDB_PERSISTENT_CURRENT,SET,PERSISTENT,false,80224,2383,7669
4096,4,VF_PDB_PERSISTENT_CURRENT,MAP,PERSISTENT,false,95560,2383,11765
4096,4,VF_PDB_PERSISTENT_MEMOIZED_LAZY,SET,PERSISTENT,false,117496,3574,8860
4096,4,VF_PDB_PERSISTENT_MEMOIZED_LAZY,MAP,PERSISTENT,false,132832,3574,12956
4096,4,VF_CLOJURE,SET,PERSISTENT,true,99352,2828,13809
4096,4,VF_CLOJURE,MAP,PERSISTENT,true,99320,2827,13807
4096,4,VF_SCALA,SET,PERSISTENT,false,169600,6506,10601
4096,4,VF_SCALA,MAP,PERSISTENT,false,300672,10602,26985
8192,0,VF_PDB_PERSISTENT_CURRENT,SET,PERSISTENT,false,134920,3839,13949
8192,0,VF_PDB_PERSISTENT_CURRENT,MAP,PERSISTENT,false,167264,3839,22141
8192,0,VF_PDB_PERSISTENT_MEMOIZED_LAZY,SET,PERSISTENT,false,200760,5758,15868
8192,0,VF_PDB_PERSISTENT_MEMOIZED_LAZY,MAP,PERSISTENT,false,233104,5758,24060
8192,0,VF_CLOJURE,SET,PERSISTENT,true,179168,4628,27057
8192,0,VF_CLOJURE,MAP,PERSISTENT,true,179136,4627,27055
8192,0,VF_SCALA,SET,PERSISTENT,false,316672,12056,20247
8192,0,VF_SCALA,MAP,PERSISTENT,false,578816,20248,53015
8192,1,VF_PDB_PERSISTENT_CURRENT,SET,PERSISTENT,false,136488,3897,14036
8192,1,VF_PDB_PERSISTENT_CURRENT,MAP,PERSISTENT,false,168744,3897,22228
8192,1,VF_PDB_PERSISTENT_MEMOIZED_LAZY,SET,PERSISTENT,false,202784,5845,15984
8192,1,VF_PDB_PERSISTENT_MEMOIZED_LAZY,MAP,PERSISTENT,false,235040,5845,24176
8192,1,VF_CLOJURE,SET,PERSISTENT,true,182152,4734,27391
8192,1,VF_CLOJURE,MAP,PERSISTENT,true,182120,4733,27389
8192,1,VF_SCALA,SET,PERSISTENT,false,316808,12050,20241
8192,1,VF_SCALA,MAP,PERSISTENT,false,578952,20242,53009
8192,2,VF_PDB_PERSISTENT_CURRENT,SET,PERSISTENT,false,135728,3865,13988
8192,2,VF_PDB_PERSISTENT_CURRENT,MAP,PERSISTENT,false,167824,3865,22180
8192,2,VF_PDB_PERSISTENT_MEMOIZED_LAZY,SET,PERSISTENT,false,201896,5797,15920
8192,2,VF_PDB_PERSISTENT_MEMOIZED_LAZY,MAP,PERSISTENT,false,233992,5797,24112
8192,2,VF_CLOJURE,SET,PERSISTENT,true,180528,4674,27207
8192,2,VF_CLOJURE,MAP,PERSISTENT,true,180496,4673,27205
8192,2,VF_SCALA,SET,PERSISTENT,false,317784,12106,20297
8192,2,VF_SCALA,MAP,PERSISTENT,false,579928,20298,53065
8192,3,VF_PDB_PERSISTENT_CURRENT,SET,PERSISTENT,false,137688,3945,14108
8192,3,VF_PDB_PERSISTENT_CURRENT,MAP,PERSISTENT,false,170080,3945,22300
8192,3,VF_PDB_PERSISTENT_MEMOIZED_LAZY,SET,PERSISTENT,false,204224,5917,16080
8192,3,VF_PDB_PERSISTENT_MEMOIZED_LAZY,MAP,PERSISTENT,false,236616,5917,24272
8192,3,VF_CLOJURE,SET,PERSISTENT,true,183296,4779,27530
8192,3,VF_CLOJURE,MAP,PERSISTENT,true,183264,4778,27528
8192,3,VF_SCALA,SET,PERSISTENT,false,317480,12088,20279
8192,3,VF_SCALA,MAP,PERSISTENT,false,579624,20280,53047
8192,4,VF_PDB_PERSISTENT_CURRENT,SET,PERSISTENT,false,136832,3911,14057
8192,4,VF_PDB_PERSISTENT_CURRENT,MAP,PERSISTENT,false,169048,3911,22249
8192,4,VF_PDB_PERSISTENT_MEMOIZED_LAZY,SET,PERSISTENT,false,203176,5866,16012
8192,4,VF_PDB_PERSISTENT_MEMOIZED_LAZY,MAP,PERSISTENT,false,235392,5866,24204
8192,4,VF_CLOJURE,SET,PERSISTENT,true,181416,4710,27303
8192,4,VF_CLOJURE,MAP,PERSISTENT,true,181384,4709,27301
8192,4,VF_SCALA,SET,PERSISTENT,false,317032,12066,20257
8192,4,VF_SCALA,MAP,PERSISTENT,false,579176,20258,53025
16384,0,VF_PDB_PERSISTENT_CURRENT,SET,PERSISTENT,false,287104,8377,28948
16384,0,VF_PDB_PERSISTENT_CURRENT,MAP,PERSISTENT,false,351544,8377,45332
16384,0,VF_PDB_PERSISTENT_MEMOIZED_LAZY,SET,PERSISTENT,false,423368,12565,33136
16384,0,VF_PDB_PERSISTENT_MEMOIZED_LAZY,MAP,PERSISTENT,false,487808,12565,49520
16384,0,VF_CLOJURE,SET,PERSISTENT,true,463112,13135,65678
16384,0,VF_CLOJURE,MAP,PERSISTENT,true,463080,13134,65676
16384,0,VF_SCALA,SET,PERSISTENT,false,645136,24678,41061
16384,0,VF_SCALA,MAP,PERSISTENT,false,1169424,41062,106597
16384,1,VF_PDB_PERSISTENT_CURRENT,SET,PERSISTENT,false,286400,8349,28906
16384,1,VF_PDB_PERSISTENT_CURRENT,MAP,PERSISTENT,false,350640,8349,45290
16384,1,VF_PDB_PERSISTENT_MEMOIZED_LAZY,SET,PERSISTENT,false,422360,12523,33080
16384,1,VF_PDB_PERSISTENT_MEMOIZED_LAZY,MAP,PERSISTENT,false,486600,12523,49464
16384,1,VF_CLOJURE,SET,PERSISTENT,true,464432,13204,65727
16384,1,VF_CLOJURE,MAP,PERSISTENT,true,464400,13203,65725
16384,1,VF_SCALA,SET,PERSISTENT,false,647232,24774,41157
16384,1,VF_SCALA,MAP,PERSISTENT,false,1171520,41158,106693
16384,2,VF_PDB_PERSISTENT_CURRENT,SET,PERSISTENT,false,284672,8277,28798
16384,2,VF_PDB_PERSISTENT_CURRENT,MAP,PERSISTENT,false,348728,8277,45182
16384,2,VF_PDB_PERSISTENT_MEMOIZED_LAZY,SET,PERSISTENT,false,420264,12415,32936
16384,2,VF_PDB_PERSISTENT_MEMOIZED_LAZY,MAP,PERSISTENT,false,484320,12415,49320
16384,2,VF_CLOJURE,SET,PERSISTENT,true,462800,13157,65492
16384,2,VF_CLOJURE,MAP,PERSISTENT,true,462768,13156,65490
16384,2,VF_SCALA,SET,PERSISTENT,false,643656,24612,40995
16384,2,VF_SCALA,MAP,PERSISTENT,false,1167944,40996,106531
16384,3,VF_PDB_PERSISTENT_CURRENT,SET,PERSISTENT,false,285392,8303,28837
16384,3,VF_PDB_PERSISTENT_CURRENT,MAP,PERSISTENT,false,349456,8303,45221
16384,3,VF_PDB_PERSISTENT_MEMOIZED_LAZY,SET,PERSISTENT,false,420928,12454,32988
16384,3,VF_PDB_PERSISTENT_MEMOIZED_LAZY,MAP,PERSISTENT,false,484992,12454,49372
16384,3,VF_CLOJURE,SET,PERSISTENT,true,463456,13168,65619
16384,3,VF_CLOJURE,MAP,PERSISTENT,true,463424,13167,65617
16384,3,VF_SCALA,SET,PERSISTENT,false,646696,24748,41131
16384,3,VF_SCALA,MAP,PERSISTENT,false,1170984,41132,106667
16384,4,VF_PDB_PERSISTENT_CURRENT,SET,PERSISTENT,false,289176,8447,29053
16384,4,VF_PDB_PERSISTENT_CURRENT,MAP,PERSISTENT,false,353296,8447,45437
16384,4,VF_PDB_PERSISTENT_MEMOIZED_LAZY,SET,PERSISTENT,false,426208,12670,33276
16384,4,VF_PDB_PERSISTENT_MEMOIZED_LAZY,MAP,PERSISTENT,false,490328,12670,49660
16384,4,VF_CLOJURE,SET,PERSISTENT,true,465488,13230,65913
16384,4,VF_CLOJURE,MAP,PERSISTENT,true,465456,13229,65911
16384,4,VF_SCALA,SET,PERSISTENT,false,643600,24608,40991
16384,4,VF_SCALA,MAP,PERSISTENT,false,1167888,40992,106527
32768,0,VF_PDB_PERSISTENT_CURRENT,SET,PERSISTENT,false,674896,20509,63530
32768,0,VF_PDB_PERSISTENT_CURRENT,MAP,PERSISTENT,false,799464,20509,96298
32768,0,VF_PDB_PERSISTENT_MEMOIZED_LAZY,SET,PERSISTENT,false,980392,30763,73784
32768,0,VF_PDB_PERSISTENT_MEMOIZED_LAZY,MAP,PERSISTENT,false,1104960,30763,106552
32768,0,VF_CLOJURE,SET,PERSISTENT,true,1372648,46567,160348
32768,0,VF_CLOJURE,MAP,PERSISTENT,true,1372616,46566,160346
32768,0,VF_SCALA,SET,PERSISTENT,false,1379256,53252,86019
32768,0,VF_SCALA,MAP,PERSISTENT,false,2427832,86020,217091
32768,1,VF_PDB_PERSISTENT_CURRENT,SET,PERSISTENT,false,677432,20601,63668
32768,1,VF_PDB_PERSISTENT_CURRENT,MAP,PERSISTENT,false,801920,20601,96436
32768,1,VF_PDB_PERSISTENT_MEMOIZED_LAZY,SET,PERSISTENT,false,983680,30901,73968
32768,1,VF_PDB_PERSISTENT_MEMOIZED_LAZY,MAP,PERSISTENT,false,1108168,30901,106736
32768,1,VF_CLOJURE,SET,PERSISTENT,true,1376128,46737,160524
32768,1,VF_CLOJURE,MAP,PERSISTENT,true,1376096,46736,160522
32768,1,VF_SCALA,SET,PERSISTENT,false,1376144,53132,85899
32768,1,VF_SCALA,MAP,PERSISTENT,false,2424720,85900,216971
32768,2,VF_PDB_PERSISTENT_CURRENT,SET,PERSISTENT,false,676840,20571,63623
32768,2,VF_PDB_PERSISTENT_CURRENT,MAP,PERSISTENT,false,801200,20571,96391
32768,2,VF_PDB_PERSISTENT_MEMOIZED_LAZY,SET,PERSISTENT,false,983088,30856,73908
32768,2,VF_PDB_PERSISTENT_MEMOIZED_LAZY,MAP,PERSISTENT,false,1107448,30856,106676
32768,2,VF_CLOJURE,SET,PERSISTENT,true,1366984,46337,159838
32768,2,VF_CLOJURE,MAP,PERSISTENT,true,1366952,46336,159836
32768,2,VF_SCALA,SET,PERSISTENT,false,1380296,53316,86083
32768,2,VF_SCALA,MAP,PERSISTENT,false,2428872,86084,217155
32768,3,VF_PDB_PERSISTENT_CURRENT,SET,PERSISTENT,false,671864,20383,63341
32768,3,VF_PDB_PERSISTENT_CURRENT,MAP,PERSISTENT,false,796224,20383,96109
32768,3,VF_PDB_PERSISTENT_MEMOIZED_LAZY,SET,PERSISTENT,false,976584,30574,73532
32768,3,VF_PDB_PERSISTENT_MEMOIZED_LAZY,MAP,PERSISTENT,false,1100944,30574,106300
32768,3,VF_CLOJURE,SET,PERSISTENT,true,1364856,46274,159539
32768,3,VF_CLOJURE,MAP,PERSISTENT,true,1364824,46273,159537
32768,3,VF_SCALA,SET,PERSISTENT,false,1379216,53266,86033
32768,3,VF_SCALA,MAP,PERSISTENT,false,2427792,86034,217105
32768,4,VF_PDB_PERSISTENT_CURRENT,SET,PERSISTENT,false,675680,20527,63557
32768,4,VF_PDB_PERSISTENT_CURRENT,MAP,PERSISTENT,false,800040,20527,96325
32768,4,VF_PDB_PERSISTENT_MEMOIZED_LAZY,SET,PERSISTENT,false,981512,30790,73820
32768,4,VF_PDB_PERSISTENT_MEMOIZED_LAZY,MAP,PERSISTENT,false,1105872,30790,106588
32768,4,VF_CLOJURE,SET,PERSISTENT,true,1369144,46416,160037
32768,4,VF_CLOJURE,MAP,PERSISTENT,true,1369112,46415,160035
32768,4,VF_SCALA,SET,PERSISTENT,false,1381904,53384,86151
32768,4,VF_SCALA,MAP,PERSISTENT,false,2430480,86152,217223
65536,0,VF_PDB_PERSISTENT_CURRENT,SET,PERSISTENT,false,1463616,45001,133035
65536,0,VF_PDB_PERSISTENT_CURRENT,MAP,PERSISTENT,false,1704064,45001,198570
65536,0,VF_PDB_PERSISTENT_MEMOIZED_LAZY,SET,PERSISTENT,false,2116904,67501,155535
65536,0,VF_PDB_PERSISTENT_MEMOIZED_LAZY,MAP,PERSISTENT,false,2357352,67501,221070
65536,0,VF_CLOJURE,SET,PERSISTENT,true,2107520,68055,259924
65536,0,VF_CLOJURE,MAP,PERSISTENT,true,2107488,68054,259922
65536,0,VF_SCALA,SET,PERSISTENT,false,2855504,110491,176025
65536,0,VF_SCALA,MAP,PERSISTENT,false,4952624,176026,438165
65536,1,VF_PDB_PERSISTENT_CURRENT,SET,PERSISTENT,false,1468960,45199,133333
65536,1,VF_PDB_PERSISTENT_CURRENT,MAP,PERSISTENT,false,1709200,45199,198869
65536,1,VF_PDB_PERSISTENT_MEMOIZED_LAZY,SET,PERSISTENT,false,2123816,67798,155932
65536,1,VF_PDB_PERSISTENT_MEMOIZED_LAZY,MAP,PERSISTENT,false,2364056,67798,221468
65536,1,VF_CLOJURE,SET,PERSISTENT,true,2112312,68222,260529
65536,1,VF_CLOJURE,MAP,PERSISTENT,true,2112280,68221,260527
65536,1,VF_SCALA,SET,PERSISTENT,false,2862304,110808,176343
65536,1,VF_SCALA,MAP,PERSISTENT,false,4959456,176344,438487
65536,2,VF_PDB_PERSISTENT_CURRENT,SET,PERSISTENT,false,1468136,45171,133291
65536,2,VF_PDB_PERSISTENT_CURRENT,MAP,PERSISTENT,false,1708408,45171,198827
65536,2,VF_PDB_PERSISTENT_MEMOIZED_LAZY,SET,PERSISTENT,false,2122752,67756,155876
65536,2,VF_PDB_PERSISTENT_MEMOIZED_LAZY,MAP,PERSISTENT,false,2363024,67756,221412
65536,2,VF_CLOJURE,SET,PERSISTENT,true,2111240,68230,260123
65536,2,VF_CLOJURE,MAP,PERSISTENT,true,2111208,68229,260121
65536,2,VF_SCALA,SET,PERSISTENT,false,2853816,110390,175925
65536,2,VF_SCALA,MAP,PERSISTENT,false,4950968,175926,438069
65536,3,VF_PDB_PERSISTENT_CURRENT,SET,PERSISTENT,false,1468064,45177,133300
65536,3,VF_PDB_PERSISTENT_CURRENT,MAP,PERSISTENT,false,1708440,45177,198836
65536,3,VF_PDB_PERSISTENT_MEMOIZED_LAZY,SET,PERSISTENT,false,2122496,67765,155888
65536,3,VF_PDB_PERSISTENT_MEMOIZED_LAZY,MAP,PERSISTENT,false,2362872,67765,221424
65536,3,VF_CLOJURE,SET,PERSISTENT,true,2107952,68052,260073
65536,3,VF_CLOJURE,MAP,PERSISTENT,true,2107920,68051,260071
65536,3,VF_SCALA,SET,PERSISTENT,false,2856056,110510,176045
65536,3,VF_SCALA,MAP,PERSISTENT,false,4953208,176046,438189
65536,4,VF_PDB_PERSISTENT_CURRENT,SET,PERSISTENT,false,1461872,44927,132924
65536,4,VF_PDB_PERSISTENT_CURRENT,MAP,PERSISTENT,false,1702288,44927,198459
65536,4,VF_PDB_PERSISTENT_MEMOIZED_LAZY,SET,PERSISTENT,false,2114520,67390,155387
65536,4,VF_PDB_PERSISTENT_MEMOIZED_LAZY,MAP,PERSISTENT,false,2354936,67390,220922
65536,4,VF_CLOJURE,SET,PERSISTENT,true,2106608,68058,259567
65536,4,VF_CLOJURE,MAP,PERSISTENT,true,2106576,68057,259565
65536,4,VF_SCALA,SET,PERSISTENT,false,2854336,110427,175961
65536,4,VF_SCALA,MAP,PERSISTENT,false,4951456,175962,438101
131072,0,VF_PDB_PERSISTENT_CURRENT,SET,PERSISTENT,false,2584584,76957,246503
131072,0,VF_PDB_PERSISTENT_CURRENT,MAP,PERSISTENT,false,3076464,76957,377572
131072,0,VF_PDB_PERSISTENT_MEMOIZED_LAZY,SET,PERSISTENT,false,3783968,115435,284981
131072,0,VF_PDB_PERSISTENT_MEMOIZED_LAZY,MAP,PERSISTENT,false,4275848,115435,416050
131072,0,VF_CLOJURE,SET,PERSISTENT,true,3194056,91195,443084
131072,0,VF_CLOJURE,MAP,PERSISTENT,true,3194024,91194,443082
131072,0,VF_SCALA,SET,PERSISTENT,false,5434624,208549,339617
131072,0,VF_SCALA,MAP,PERSISTENT,false,9628832,339618,863893
131072,1,VF_PDB_PERSISTENT_CURRENT,SET,PERSISTENT,false,2590080,77169,246822
131072,1,VF_PDB_PERSISTENT_CURRENT,MAP,PERSISTENT,false,3082368,77169,377892
131072,1,VF_PDB_PERSISTENT_MEMOIZED_LAZY,SET,PERSISTENT,false,3790616,115753,285406
131072,1,VF_PDB_PERSISTENT_MEMOIZED_LAZY,MAP,PERSISTENT,false,4282904,115753,416476
131072,1,VF_CLOJURE,SET,PERSISTENT,true,3197184,91325,443394
131072,1,VF_CLOJURE,MAP,PERSISTENT,true,3197152,91324,443392
131072,1,VF_SCALA,SET,PERSISTENT,false,5435192,208612,339681
131072,1,VF_SCALA,MAP,PERSISTENT,false,9629432,339682,863961
131072,2,VF_PDB_PERSISTENT_CURRENT,SET,PERSISTENT,false,2592504,77285,246997
131072,2,VF_PDB_PERSISTENT_CURRENT,MAP,PERSISTENT,false,3085664,77285,378068
131072,2,VF_PDB_PERSISTENT_MEMOIZED_LAZY,SET,PERSISTENT,false,3793712,115927,285639
131072,2,VF_PDB_PERSISTENT_MEMOIZED_LAZY,MAP,PERSISTENT,false,4286872,115927,416710
131072,2,VF_CLOJURE,SET,PERSISTENT,true,3210296,91814,444805
131072,2,VF_CLOJURE,MAP,PERSISTENT,true,3210264,91813,444803
131072,2,VF_SCALA,SET,PERSISTENT,false,5430648,208421,339491
131072,2,VF_SCALA,MAP,PERSISTENT,false,9624920,339492,863775
131072,3,VF_PDB_PERSISTENT_CURRENT,SET,PERSISTENT,false,2594160,77339,247076
131072,3,VF_PDB_PERSISTENT_CURRENT,MAP,PERSISTENT,false,3087192,77339,378145
131072,3,VF_PDB_PERSISTENT_MEMOIZED_LAZY,SET,PERSISTENT,false,3796240,116008,285745
131072,3,VF_PDB_PERSISTENT_MEMOIZED_LAZY,MAP,PERSISTENT,false,4289272,116008,416814
131072,3,VF_CLOJURE,SET,PERSISTENT,true,3204136,91598,444047
131072,3,VF_CLOJURE,MAP,PERSISTENT,true,3204104,91597,444045
131072,3,VF_SCALA,SET,PERSISTENT,false,5424312,208121,339189
131072,3,VF_SCALA,MAP,PERSISTENT,false,9618520,339190,863465
131072,4,VF_PDB_PERSISTENT_CURRENT,SET,PERSISTENT,false,2587904,77091,246703
131072,4,VF_PDB_PERSISTENT_CURRENT,MAP,PERSISTENT,false,3080080,77091,377771
131072,4,VF_PDB_PERSISTENT_MEMOIZED_LAZY,SET,PERSISTENT,false,3787520,115636,285248
131072,4,VF_PDB_PERSISTENT_MEMOIZED_LAZY,MAP,PERSISTENT,false,4279696,115636,416316
131072,4,VF_CLOJURE,SET,PERSISTENT,true,3199344,91426,443601
131072,4,VF_CLOJURE,MAP,PERSISTENT,true,3199312,91425,443599
131072,4,VF_SCALA,SET,PERSISTENT,false,5430960,208396,339463
131072,4,VF_SCALA,MAP,PERSISTENT,false,9625136,339464,863735
262144,0,VF_PDB_PERSISTENT_CURRENT,SET,PERSISTENT,false,4385760,125429,450278
262144,0,VF_PDB_PERSISTENT_CURRENT,MAP,PERSISTENT,false,5416424,125429,712414
262144,0,VF_PDB_PERSISTENT_MEMOIZED_LAZY,SET,PERSISTENT,false,6511368,188143,512992
262144,0,VF_PDB_PERSISTENT_MEMOIZED_LAZY,MAP,PERSISTENT,false,7542032,188143,775128
262144,0,VF_CLOJURE,SET,PERSISTENT,true,5838912,151849,878428
262144,0,VF_CLOJURE,MAP,PERSISTENT,true,5838880,151848,878426
262144,0,VF_SCALA,SET,PERSISTENT,false,10154776,386618,648753
262144,0,VF_SCALA,MAP,PERSISTENT,false,18543128,648754,1697297
262144,1,VF_PDB_PERSISTENT_CURRENT,SET,PERSISTENT,false,4380656,125233,449983
262144,1,VF_PDB_PERSISTENT_CURRENT,MAP,PERSISTENT,false,5412008,125233,712118
262144,1,VF_PDB_PERSISTENT_MEMOIZED_LAZY,SET,PERSISTENT,false,6504920,187849,512599
262144,1,VF_PDB_PERSISTENT_MEMOIZED_LAZY,MAP,PERSISTENT,false,7536272,187849,774734
262144,1,VF_CLOJURE,SET,PERSISTENT,true,5828656,151479,877250
262144,1,VF_CLOJURE,MAP,PERSISTENT,true,5828624,151478,877248
262144,1,VF_SCALA,SET,PERSISTENT,false,10162544,386957,649091
262144,1,VF_SCALA,MAP,PERSISTENT,false,18550864,649092,1697631
262144,2,VF_PDB_PERSISTENT_CURRENT,SET,PERSISTENT,false,4390448,125609,450542
262144,2,VF_PDB_PERSISTENT_CURRENT,MAP,PERSISTENT,false,5421808,125609,712672
262144,2,VF_PDB_PERSISTENT_MEMOIZED_LAZY,SET,PERSISTENT,false,6518144,188413,513346
262144,2,VF_PDB_PERSISTENT_MEMOIZED_LAZY,MAP,PERSISTENT,false,7549504,188413,775476
262144,2,VF_CLOJURE,SET,PERSISTENT,true,5845040,152117,878940
262144,2,VF_CLOJURE,MAP,PERSISTENT,true,5845008,152116,878938
262144,2,VF_SCALA,SET,PERSISTENT,false,10169000,387278,649407
262144,2,VF_SCALA,MAP,PERSISTENT,false,18557160,649408,1697927
262144,3,VF_PDB_PERSISTENT_CURRENT,SET,PERSISTENT,false,4379016,125179,449906
262144,3,VF_PDB_PERSISTENT_CURRENT,MAP,PERSISTENT,false,5410168,125179,712045
262144,3,VF_PDB_PERSISTENT_MEMOIZED_LAZY,SET,PERSISTENT,false,6502624,187768,512495
262144,3,VF_PDB_PERSISTENT_MEMOIZED_LAZY,MAP,PERSISTENT,false,7533776,187768,774634
262144,3,VF_CLOJURE,SET,PERSISTENT,true,5829360,151500,877359
262144,3,VF_CLOJURE,MAP,PERSISTENT,true,5829328,151499,877357
262144,3,VF_SCALA,SET,PERSISTENT,false,10171128,387385,649523
262144,3,VF_SCALA,MAP,PERSISTENT,false,18559576,649524,1698079
262144,4,VF_PDB_PERSISTENT_CURRENT,SET,PERSISTENT,false,4379496,125159,449873
262144,4,VF_PDB_PERSISTENT_CURRENT,MAP,PERSISTENT,false,5409864,125159,712009
262144,4,VF_PDB_PERSISTENT_MEMOIZED_LAZY,SET,PERSISTENT,false,6503656,187738,512452
262144,4,VF_PDB_PERSISTENT_MEMOIZED_LAZY,MAP,PERSISTENT,false,7534024,187738,774588
262144,4,VF_CLOJURE,SET,PERSISTENT,true,5826952,151408,877031
262144,4,VF_CLOJURE,MAP,PERSISTENT,true,5826920,151407,877029
262144,4,VF_SCALA,SET,PERSISTENT,false,10156584,386692,648827
262144,4,VF_SCALA,MAP,PERSISTENT,false,18544936,648828,1697371
524288,0,VF_PDB_PERSISTENT_CURRENT,SET,PERSISTENT,false,9109440,264847,921528
524288,0,VF_PDB_PERSISTENT_CURRENT,MAP,PERSISTENT,false,11162544,264847,1445787
524288,0,VF_PDB_PERSISTENT_MEMOIZED_LAZY,SET,PERSISTENT,false,13444688,397270,1053951
524288,0,VF_PDB_PERSISTENT_MEMOIZED_LAZY,MAP,PERSISTENT,false,15497792,397270,1578210
524288,0,VF_CLOJURE,SET,PERSISTENT,true,14644544,413733,2083358
524288,0,VF_CLOJURE,MAP,PERSISTENT,true,14644512,413732,2083356
524288,0,VF_SCALA,SET,PERSISTENT,false,20641864,789549,1313807
524288,0,VF_SCALA,MAP,PERSISTENT,false,37418152,1313808,3410843
524288,1,VF_PDB_PERSISTENT_CURRENT,SET,PERSISTENT,false,9126592,265537,922549
524288,1,VF_PDB_PERSISTENT_CURRENT,MAP,PERSISTENT,false,11179648,265537,1446794
524288,1,VF_PDB_PERSISTENT_MEMOIZED_LAZY,SET,PERSISTENT,false,13467200,398305,1055317
524288,1,VF_PDB_PERSISTENT_MEMOIZED_LAZY,MAP,PERSISTENT,false,15520256,398305,1579562
524288,1,VF_CLOJURE,SET,PERSISTENT,true,14666440,414481,2086276
524288,1,VF_CLOJURE,MAP,PERSISTENT,true,14666408,414480,2086274
524288,1,VF_SCALA,SET,PERSISTENT,false,20635000,789255,1313499
524288,1,VF_SCALA,MAP,PERSISTENT,false,37410840,1313500,3410479
524288,2,VF_PDB_PERSISTENT_CURRENT,SET,PERSISTENT,false,9100104,264531,921058
524288,2,VF_PDB_PERSISTENT_CURRENT,MAP,PERSISTENT,false,11154312,264531,1445321
524288,2,VF_PDB_PERSISTENT_MEMOIZED_LAZY,SET,PERSISTENT,false,13432632,396796,1053323
524288,2,VF_PDB_PERSISTENT_MEMOIZED_LAZY,MAP,PERSISTENT,false,15486840,396796,1577586
524288,2,VF_CLOJURE,SET,PERSISTENT,true,14674472,415034,2085431
524288,2,VF_CLOJURE,MAP,PERSISTENT,true,14674440,415033,2085429
524288,2,VF_SCALA,SET,PERSISTENT,false,20642192,789561,1313823
524288,2,VF_SCALA,MAP,PERSISTENT,false,37418608,1313824,3410875
524288,3,VF_PDB_PERSISTENT_CURRENT,SET,PERSISTENT,false,9106648,264789,921438
524288,3,VF_PDB_PERSISTENT_CURRENT,MAP,PERSISTENT,false,11160848,264789,1445694
524288,3,VF_PDB_PERSISTENT_MEMOIZED_LAZY,SET,PERSISTENT,false,13441120,397183,1053832
524288,3,VF_PDB_PERSISTENT_MEMOIZED_LAZY,MAP,PERSISTENT,false,15495320,397183,1578088
524288,3,VF_CLOJURE,SET,PERSISTENT,true,14628280,412963,2082490
524288,3,VF_CLOJURE,MAP,PERSISTENT,true,14628248,412962,2082488
524288,3,VF_SCALA,SET,PERSISTENT,false,20646224,789736,1313991
524288,3,VF_SCALA,MAP,PERSISTENT,false,37422416,1313992,3411015
524288,4,VF_PDB_PERSISTENT_CURRENT,SET,PERSISTENT,false,9109328,264837,921514
524288,4,VF_PDB_PERSISTENT_CURRENT,MAP,PERSISTENT,false,11161536,264837,1445774
524288,4,VF_PDB_PERSISTENT_MEMOIZED_LAZY,SET,PERSISTENT,false,13444712,397255,1053932
524288,4,VF_PDB_PERSISTENT_MEMOIZED_LAZY,MAP,PERSISTENT,false,15496920,397255,1578192
524288,4,VF_CLOJURE,SET,PERSISTENT,true,14676368,415047,2086008
524288,4,VF_CLOJURE,MAP,PERSISTENT,true,14676336,415046,2086006
524288,4,VF_SCALA,SET,PERSISTENT,false,20628952,789010,1313269
524288,4,VF_SCALA,MAP,PERSISTENT,false,37405272,1313270,3410309
1048576,0,VF_PDB_PERSISTENT_CURRENT,SET,PERSISTENT,false,21523432,653243,2028312
1048576,0,VF_PDB_PERSISTENT_CURRENT,MAP,PERSISTENT,false,25501536,653243,3076761
1048576,0,VF_PDB_PERSISTENT_MEMOIZED_LAZY,SET,PERSISTENT,false,31278232,979864,2354933
1048576,0,VF_PDB_PERSISTENT_MEMOIZED_LAZY,MAP,PERSISTENT,false,35256336,979864,3403382
1048576,0,VF_CLOJURE,SET,PERSISTENT,true,43773760,1485841,5108640
1048576,0,VF_CLOJURE,MAP,PERSISTENT,true,43773728,1485840,5108638
1048576,0,VF_SCALA,SET,PERSISTENT,false,44108000,1703159,2751607
1048576,0,VF_SCALA,MAP,PERSISTENT,false,77658368,2751608,6945403
1048576,1,VF_PDB_PERSISTENT_CURRENT,SET,PERSISTENT,false,21554904,654459,2030147
1048576,1,VF_PDB_PERSISTENT_CURRENT,MAP,PERSISTENT,false,25533000,654459,3078607
1048576,1,VF_PDB_PERSISTENT_MEMOIZED_LAZY,SET,PERSISTENT,false,31319432,981688,2357376
1048576,1,VF_PDB_PERSISTENT_MEMOIZED_LAZY,MAP,PERSISTENT,false,35297528,981688,3405836
1048576,1,VF_CLOJURE,SET,PERSISTENT,true,43803856,1486806,5112821
1048576,1,VF_CLOJURE,MAP,PERSISTENT,true,43803824,1486805,5112819
1048576,1,VF_SCALA,SET,PERSISTENT,false,44111752,1703438,2751897
1048576,1,VF_SCALA,MAP,PERSISTENT,false,77662472,2751898,6945737
1048576,2,VF_PDB_PERSISTENT_CURRENT,SET,PERSISTENT,false,21552736,654281,2029882
1048576,2,VF_PDB_PERSISTENT_CURRENT,MAP,PERSISTENT,false,25529136,654281,3078344
1048576,2,VF_PDB_PERSISTENT_MEMOIZED_LAZY,SET,PERSISTENT,false,31317552,981421,2357022
1048576,2,VF_PDB_PERSISTENT_MEMOIZED_LAZY,MAP,PERSISTENT,false,35293952,981421,3405484
1048576,2,VF_CLOJURE,SET,PERSISTENT,true,43773624,1485471,5110314
1048576,2,VF_CLOJURE,MAP,PERSISTENT,true,43773592,1485470,5110312
1048576,2,VF_SCALA,SET,PERSISTENT,false,44100496,1702844,2751305
1048576,2,VF_SCALA,MAP,PERSISTENT,false,77651280,2751306,6945153
1048576,3,VF_PDB_PERSISTENT_CURRENT,SET,PERSISTENT,false,21563896,654749,2030572
1048576,3,VF_PDB_PERSISTENT_CURRENT,MAP,PERSISTENT,false,25541048,654749,3079022
1048576,3,VF_PDB_PERSISTENT_MEMOIZED_LAZY,SET,PERSISTENT,false,31331760,982123,2357946
1048576,3,VF_PDB_PERSISTENT_MEMOIZED_LAZY,MAP,PERSISTENT,false,35308912,982123,3406396
1048576,3,VF_CLOJURE,SET,PERSISTENT,true,43737728,1483657,5109098
1048576,3,VF_CLOJURE,MAP,PERSISTENT,true,43737696,1483656,5109096
1048576,3,VF_SCALA,SET,PERSISTENT,false,44102336,1702954,2751403
1048576,3,VF_SCALA,MAP,PERSISTENT,false,77652736,2751404,6945203
1048576,4,VF_PDB_PERSISTENT_CURRENT,SET,PERSISTENT,false,21573552,655135,2031164
1048576,4,VF_PDB_PERSISTENT_CURRENT,MAP,PERSISTENT,false,25550808,655135,3079627
1048576,4,VF_PDB_PERSISTENT_MEMOIZED_LAZY,SET,PERSISTENT,false,31344336,982702,2358731
1048576,4,VF_PDB_PERSISTENT_MEMOIZED_LAZY,MAP,PERSISTENT,false,35321592,982702,3407194
1048576,4,VF_CLOJURE,SET,PERSISTENT,true,43761536,1484646,5111351
1048576,4,VF_CLOJURE,MAP,PERSISTENT,true,43761504,1484645,5111349
1048576,4,VF_SCALA,SET,PERSISTENT,false,44104048,1702913,2751375
1048576,4,VF_SCALA,MAP,PERSISTENT,false,77654864,2751376,6945227
2097152,0,VF_PDB_PERSISTENT_CURRENT,SET,PERSISTENT,false,46865408,1441335,4258648
2097152,0,VF_PDB_PERSISTENT_CURRENT,MAP,PERSISTENT,false,54555616,1441335,6355295
2097152,0,VF_PDB_PERSISTENT_MEMOIZED_LAZY,SET,PERSISTENT,false,67775032,2162002,4979315
2097152,0,VF_PDB_PERSISTENT_MEMOIZED_LAZY,MAP,PERSISTENT,false,75465240,2162002,7075962
2097152,0,VF_CLOJURE,SET,PERSISTENT,true,67380120,2176513,8305974
2097152,0,VF_CLOJURE,MAP,PERSISTENT,true,67380088,2176512,8305972
2097152,0,VF_SCALA,SET,PERSISTENT,false,91398192,3536991,5633637
2097152,0,VF_SCALA,MAP,PERSISTENT,false,158490896,5633638,14020225
2097152,1,VF_PDB_PERSISTENT_CURRENT,SET,PERSISTENT,false,46828272,1439887,4256497
2097152,1,VF_PDB_PERSISTENT_CURRENT,MAP,PERSISTENT,false,54517496,1439887,6353165
2097152,1,VF_PDB_PERSISTENT_MEMOIZED_LAZY,SET,PERSISTENT,false,67728400,2159830,4976440
2097152,1,VF_PDB_PERSISTENT_MEMOIZED_LAZY,MAP,PERSISTENT,false,75417624,2159830,7073108
2097152,1,VF_CLOJURE,SET,PERSISTENT,true,67363648,2176044,8303467
2097152,1,VF_CLOJURE,MAP,PERSISTENT,true,67363616,2176043,8303465
2097152,1,VF_SCALA,SET,PERSISTENT,false,91373680,3535838,5632505
2097152,1,VF_SCALA,MAP,PERSISTENT,false,158467056,5632506,14019177
2097152,2,VF_PDB_PERSISTENT_CURRENT,SET,PERSISTENT,false,46874360,1441743,4259271
2097152,2,VF_PDB_PERSISTENT_CURRENT,MAP,PERSISTENT,false,54565056,1441743,6355929
2097152,2,VF_PDB_PERSISTENT_MEMOIZED_LAZY,SET,PERSISTENT,false,67786376,2162614,4980142
2097152,2,VF_PDB_PERSISTENT_MEMOIZED_LAZY,MAP,PERSISTENT,false,75477072,2162614,7076800
2097152,2,VF_CLOJURE,SET,PERSISTENT,true,67374480,2176149,8306566
2097152,2,VF_CLOJURE,MAP,PERSISTENT,true,67374448,2176148,8306564
2097152,2,VF_SCALA,SET,PERSISTENT,false,91408776,3537552,5634209
2097152,2,VF_SCALA,MAP,PERSISTENT,false,158501832,5634210,14020841
2097152,3,VF_PDB_PERSISTENT_CURRENT,SET,PERSISTENT,false,46869608,1441395,4258727
2097152,3,VF_PDB_PERSISTENT_CURRENT,MAP,PERSISTENT,false,54556848,1441395,6355363
2097152,3,VF_PDB_PERSISTENT_MEMOIZED_LAZY,SET,PERSISTENT,false,67783272,2162092,4979424
2097152,3,VF_PDB_PERSISTENT_MEMOIZED_LAZY,MAP,PERSISTENT,false,75470512,2162092,7076060
2097152,3,VF_CLOJURE,SET,PERSISTENT,true,67365240,2175679,8306092
2097152,3,VF_CLOJURE,MAP,PERSISTENT,true,67365208,2175678,8306090
2097152,3,VF_SCALA,SET,PERSISTENT,false,91422624,3538270,5634905
2097152,3,VF_SCALA,MAP,PERSISTENT,false,158514976,5634906,14021449
2097152,4,VF_PDB_PERSISTENT_CURRENT,SET,PERSISTENT,false,46860456,1441165,4258408
2097152,4,VF_PDB_PERSISTENT_CURRENT,MAP,PERSISTENT,false,54550368,1441165,6355070
2097152,4,VF_PDB_PERSISTENT_MEMOIZED_LAZY,SET,PERSISTENT,false,67769760,2161747,4978990
2097152,4,VF_PDB_PERSISTENT_MEMOIZED_LAZY,MAP,PERSISTENT,false,75459672,2161747,7075652
2097152,4,VF_CLOJURE,SET,PERSISTENT,true,67376752,2176320,8306253
2097152,4,VF_CLOJURE,MAP,PERSISTENT,true,67376720,2176319,8306251
2097152,4,VF_SCALA,SET,PERSISTENT,false,91436584,3538788,5635449
2097152,4,VF_SCALA,MAP,PERSISTENT,false,158529768,5635450,14022097
4194304,0,VF_PDB_PERSISTENT_CURRENT,SET,PERSISTENT,false,82698328,2463069,7886852
4194304,0,VF_PDB_PERSISTENT_CURRENT,MAP,PERSISTENT,false,98440464,2463069,12079102
4194304,0,VF_PDB_PERSISTENT_MEMOIZED_LAZY,SET,PERSISTENT,false,121063744,3694603,9118386
4194304,0,VF_PDB_PERSISTENT_MEMOIZED_LAZY,MAP,PERSISTENT,false,136805880,3694603,13310636
4194304,0,VF_CLOJURE,SET,PERSISTENT,true,102108736,2916714,14160395
4194304,0,VF_CLOJURE,MAP,PERSISTENT,true,102108704,2916713,14160393
4194304,0,VF_SCALA,SET,PERSISTENT,false,173494296,6656824,10849073
4194304,0,VF_SCALA,MAP,PERSISTENT,false,307646296,10849074,27618073
4194304,1,VF_PDB_PERSISTENT_CURRENT,SET,PERSISTENT,false,82730560,2464245,7888695
4194304,1,VF_PDB_PERSISTENT_CURRENT,MAP,PERSISTENT,false,98472352,2464245,12081024
4194304,1,VF_PDB_PERSISTENT_MEMOIZED_LAZY,SET,PERSISTENT,false,121105640,3696367,9120817
4194304,1,VF_PDB_PERSISTENT_MEMOIZED_LAZY,MAP,PERSISTENT,false,136847432,3696367,13313146
4194304,1,VF_CLOJURE,SET,PERSISTENT,true,102154168,2918537,14165050
4194304,1,VF_CLOJURE,MAP,PERSISTENT,true,102154136,2918536,14165048
4194304,1,VF_SCALA,SET,PERSISTENT,false,173481968,6656305,10848633
4194304,1,VF_SCALA,MAP,PERSISTENT,false,307636496,10848634,27617949
4194304,2,VF_PDB_PERSISTENT_CURRENT,SET,PERSISTENT,false,82708288,2463303,7887191
4194304,2,VF_PDB_PERSISTENT_CURRENT,MAP,PERSISTENT,false,98446848,2463303,12079429
4194304,2,VF_PDB_PERSISTENT_MEMOIZED_LAZY,SET,PERSISTENT,false,121081024,3694954,9118842
4194304,2,VF_PDB_PERSISTENT_MEMOIZED_LAZY,MAP,PERSISTENT,false,136819584,3694954,13311080
4194304,2,VF_CLOJURE,SET,PERSISTENT,true,102133080,2917741,14162470
4194304,2,VF_CLOJURE,MAP,PERSISTENT,true,102133048,2917740,14162468
4194304,2,VF_SCALA,SET,PERSISTENT,false,173461928,6655398,10847635
4194304,2,VF_SCALA,MAP,PERSISTENT,false,307613544,10847636,27616587
4194304,3,VF_PDB_PERSISTENT_CURRENT,SET,PERSISTENT,false,82738192,2464537,7888944
4194304,3,VF_PDB_PERSISTENT_CURRENT,MAP,PERSISTENT,false,98480232,2464537,12081084
4194304,3,VF_PDB_PERSISTENT_MEMOIZED_LAZY,SET,PERSISTENT,false,121114808,3696805,9121212
4194304,3,VF_PDB_PERSISTENT_MEMOIZED_LAZY,MAP,PERSISTENT,false,136856848,3696805,13313352
4194304,3,VF_CLOJURE,SET,PERSISTENT,true,102180032,2919574,14167663
4194304,3,VF_CLOJURE,MAP,PERSISTENT,true,102180000,2919573,14167661
4194304,3,VF_SCALA,SET,PERSISTENT,false,173450680,6654852,10846991
4194304,3,VF_SCALA,MAP,PERSISTENT,false,307599160,10846992,27615551
4194304,4,VF_PDB_PERSISTENT_CURRENT,SET,PERSISTENT,false,82772976,2465811,7891000
4194304,4,VF_PDB_PERSISTENT_CURRENT,MAP,PERSISTENT,false,98513208,2465811,12083285
4194304,4,VF_PDB_PERSISTENT_MEMOIZED_LAZY,SET,PERSISTENT,false,121162256,3698716,9123905
4194304,4,VF_PDB_PERSISTENT_MEMOIZED_LAZY,MAP,PERSISTENT,false,136902488,3698716,13316190
4194304,4,VF_CLOJURE,SET,PERSISTENT,true,102204656,2920539,14170222
4194304,4,VF_CLOJURE,MAP,PERSISTENT,true,102204624,2920538,14170220
4194304,4,VF_SCALA,SET,PERSISTENT,false,173462288,6655483,10847767
4194304,4,VF_SCALA,MAP,PERSISTENT,false,307615408,10847768,27616907
8388608,0,VF_PDB_PERSISTENT_CURRENT,SET,PERSISTENT,false,139212552,3972163,14338720
8388608,0,VF_PDB_PERSISTENT_CURRENT,MAP,PERSISTENT,false,172153040,3972163,22719197
8388608,0,VF_PDB_PERSISTENT_MEMOIZED_LAZY,SET,PERSISTENT,false,206871464,5958244,16324801
8388608,0,VF_PDB_PERSISTENT_MEMOIZED_LAZY,MAP,PERSISTENT,false,239811952,5958244,24705278
8388608,0,VF_CLOJURE,SET,PERSISTENT,true,185142744,4803730,27892839
8388608,0,VF_CLOJURE,MAP,PERSISTENT,true,185142712,4803729,27892837
8388608,0,VF_SCALA,SET,PERSISTENT,false,324418280,12350885,20731361
8388608,0,VF_SCALA,MAP,PERSISTENT,false,592593544,20731362,54253269
8388608,1,VF_PDB_PERSISTENT_CURRENT,SET,PERSISTENT,false,139271616,3974367,14342071
8388608,1,VF_PDB_PERSISTENT_CURRENT,MAP,PERSISTENT,false,172214032,3974367,22722593
8388608,1,VF_PDB_PERSISTENT_MEMOIZED_LAZY,SET,PERSISTENT,false,206952056,5961550,16329254
8388608,1,VF_PDB_PERSISTENT_MEMOIZED_LAZY,MAP,PERSISTENT,false,239894472,5961550,24709776
8388608,1,VF_CLOJURE,SET,PERSISTENT,true,185220608,4806456,27902001
8388608,1,VF_CLOJURE,MAP,PERSISTENT,true,185220576,4806455,27901999
8388608,1,VF_SCALA,SET,PERSISTENT,false,324437160,12351678,20732199
8388608,1,VF_SCALA,MAP,PERSISTENT,false,592613864,20732200,54254287
8388608,2,VF_PDB_PERSISTENT_CURRENT,SET,PERSISTENT,false,139184680,3971131,14336943
8388608,2,VF_PDB_PERSISTENT_CURRENT,MAP,PERSISTENT,false,172127000,3971131,22717191
8388608,2,VF_PDB_PERSISTENT_MEMOIZED_LAZY,SET,PERSISTENT,false,206838696,5956696,16322508
8388608,2,VF_PDB_PERSISTENT_MEMOIZED_LAZY,MAP,PERSISTENT,false,239781016,5956696,24702756
8388608,2,VF_CLOJURE,SET,PERSISTENT,true,185094912,4801931,27887174
8388608,2,VF_CLOJURE,MAP,PERSISTENT,true,185094880,4801930,27887172
8388608,2,VF_SCALA,SET,PERSISTENT,false,324393744,12349836,20730083
8388608,2,VF_SCALA,MAP,PERSISTENT,false,592561680,20730084,54251075
8388608,3,VF_PDB_PERSISTENT_CURRENT,SET,PERSISTENT,false,139329648,3976695,14345408
8388608,3,VF_PDB_PERSISTENT_CURRENT,MAP,PERSISTENT,false,172271576,3976695,22725775
8388608,3,VF_PDB_PERSISTENT_MEMOIZED_LAZY,SET,PERSISTENT,false,207028920,5965042,16333755
8388608,3,VF_PDB_PERSISTENT_MEMOIZED_LAZY,MAP,PERSISTENT,false,239970848,5965042,24714122
8388608,3,VF_CLOJURE,SET,PERSISTENT,true,185330128,4810534,27914551
8388608,3,VF_CLOJURE,MAP,PERSISTENT,true,185330096,4810533,27914549
8388608,3,VF_SCALA,SET,PERSISTENT,false,324446840,12352219,20732585
8388608,3,VF_SCALA,MAP,PERSISTENT,false,592618584,20732586,54254053
8388608,4,VF_PDB_PERSISTENT_CURRENT,SET,PERSISTENT,false,139217944,3972461,14339097
8388608,4,VF_PDB_PERSISTENT_CURRENT,MAP,PERSISTENT,false,172161464,3972461,22719504
8388608,4,VF_PDB_PERSISTENT_MEMOIZED_LAZY,SET,PERSISTENT,false,206884576,5958691,16325327
8388608,4,VF_PDB_PERSISTENT_MEMOIZED_LAZY,MAP,PERSISTENT,false,239828096,5958691,24705734
8388608,4,VF_CLOJURE,SET,PERSISTENT,true,185167752,4804728,27895369
8388608,4,VF_CLOJURE,MAP,PERSISTENT,true,185167720,4804727,27895367
8388608,4,VF_SCALA,SET,PERSISTENT,false,324538528,12356265,20736671
8388608,4,VF_SCALA,MAP,PERSISTENT,false,592711552,20736672,54258299
